id,name,sku,category_id,brand_id,barcode,details,product_image,warranty,alert_qty,price,sell_price,warranty_policy,created_at,updated_at
1526,bekeleBOLO Genuine Leather Belt,B517,2,93,NULL,Only Leather Warranty,1625552518.jpeg,1 Year,2,400,850,NULL,06-07-2021 06:21,06-07-2021 06:21
1527,ORAS Genuine Leather Zipper Wallet,RA76K,6,61,NULL,Only Leather Warranty,1625829374.jpg,1 Year,2,680,1350,NULL,09-07-2021 11:16,09-07-2021 11:16
1528,ORAS Genuine Leather Office Desk Storage,RA77C,30,61,NULL,NULL,1625830750.jpg,1 Year,2,140,450,NULL,09-07-2021 11:39,09-07-2021 11:39
1529,bekeleBOLO Genuine Leather Automatic Buckle Belt,B519,2,93,NULL,Only Leather Warranty,NULL,1 Year,1,500,900,NULL,09-07-2021 11:42,09-07-2021 11:42
1530,ORAS Genuine Leather Multi-function Wallet,RA78K,6,61,NULL,Only Leather Warranty,1625895866.jpg,1 Year,1,770,1600,NULL,10-07-2021 05:44,10-07-2021 05:44
1531,Jeep Genuine Leather Wallet for Men,RA79N,6,14,NULL,Only Leather Warranty,1625896083.jpg,1 Year,1,470,1250,NULL,10-07-2021 05:48,10-07-2021 12:07
1532,ORAS Genuine Leather Pencil Pouch,RA80C,30,61,NULL,Only Leather Warranty,1626351245.jpg,1 Year,1,160,450,NULL,15-07-2021 12:14,15-07-2021 12:14
1533,ORAS Genuine Leather Wallet,RA66K,6,61,NULL,Only Leather warranty,1626415564.jpg,1 Year,2,240,750,NULL,16-07-2021 06:02,16-07-2021 06:06
1534,ORAS Genuine Leather Wallet for Men,RA60N,6,61,NULL,Only Leather warranty,1626520065.jpg,1 Year,2,470,1250,NULL,17-07-2021 11:07,17-07-2021 11:07
1535,ORAS Genuine Leather Mobile Case Belt Waist Bag,RA81C,27,61,NULL,Only Leather warranty,1626589840.jpg,1 Year,2,200,750,NULL,18-07-2021 06:30,18-07-2021 06:30
1536,ORAS Genuine Leather Multi-function Wallet,RA82K,6,61,NULL,Only Leather warranty,1626590051.jpg,1 Year,2,500,1200,NULL,18-07-2021 06:34,18-07-2021 06:34
1537,ORAS Genuine Leather Wallet for Men,RA17D,2,61,NULL,Only Leather warranty,1626591852.jpg,1 Year,2,280,650,NULL,18-07-2021 07:04,18-07-2021 07:04
1538,ORAS Genuine Leather Belt for Men,B605,2,61,NULL,Only leather warranty,1626592480.jpg,1 Year,2,275,750,NULL,18-07-2021 07:14,18-07-2021 07:14
1539,Leather Bracelet Watch,C181,10,58,NULL,Only Machine Warranty,1627103910.jpg,1 Year,2,300,999,NULL,24-07-2021 05:18,24-07-2021 05:18
1540,Leather Bracelet Watch,C182,10,58,NULL,Only machine warranty,1627104063.jpg,1 Year,2,400,999,NULL,24-07-2021 05:21,24-07-2021 05:21
1541,OUTDOOR Multifunction Tactical Military Belt for Men,B174,2,84,NULL,NULL,1627906203.jpg,N/A,2,200,600,NULL,02-08-2021 12:10,02-08-2021 12:10
1542,OUTDOOR Multifunction Tactical Military Belt for Men,B176,2,84,NULL,NULL,1627906443.jpg,N/A,2,200,600,NULL,02-08-2021 12:14,02-08-2021 12:14
1543,OUTDOOR Multifunction Tactical Military Belt for Men,B175,2,84,NULL,NULL,1627906855.jpg,N/A,1,200,600,NULL,02-08-2021 12:20,02-08-2021 12:20
1544,OUTDOOR Multifunction Tactical Military Belt for Men,B177,2,84,NULL,NULL,1627979493.jpg,n/a,1,200,600,NULL,03-08-2021 08:31,03-08-2021 08:31
1545,OUTDOOR Multifunction Tactical Military Belt for Men,B178,2,84,NULL,NULL,1627979603.jpg,n/a,1,200,600,NULL,03-08-2021 08:33,03-08-2021 08:33
1546,Dandali Tactical Outdoor Nylon Belt,B179,2,84,NULL,NULL,1627989027.jpg,n/a,2,235,700,NULL,03-08-2021 11:10,03-08-2021 11:10
1547,Dandali Tactical Outdoor Nylon Belt,B181,2,84,NULL,NULL,1627989094.jpg,n/a,2,235,700,NULL,03-08-2021 11:11,03-08-2021 11:11
1548,Dandali Tactical Outdoor Nylon Belt,B182,2,84,NULL,NULL,1627989224.jpg,n/a,2,235,700,NULL,03-08-2021 11:13,03-08-2021 11:13
1549,Dandali Tactical Outdoor Nylon Belt,B183,2,84,NULL,NULL,1627989305.jpg,n/a,2,235,700,NULL,03-08-2021 11:15,03-08-2021 11:15
1550,Dandali Tactical Outdoor Nylon Belt,B184,2,84,NULL,NULL,1627989395.jpg,n/a,2,235,700,NULL,03-08-2021 11:16,03-08-2021 11:16
1551,Dandali Fashion Automatic Buckle Belt,B185,2,84,NULL,NULL,1628051648.jpg,N/A,1,220,700,NULL,04-08-2021 04:34,04-08-2021 04:34
1552,Dandali Fashion Automatic Buckle Belt,B186,2,84,NULL,NULL,1628051738.jpg,N/A,1,220,700,NULL,04-08-2021 04:35,04-08-2021 04:35
1553,Dandali Fashion Automatic Buckle Belt,B187,2,84,NULL,NULL,1628051812.jpg,N/A,2,220,700,NULL,04-08-2021 04:36,04-08-2021 04:36
1554,Dandali Fashion Automatic Buckle Belt,B188,2,84,NULL,NULL,1628051876.jpg,N/A,2,220,700,NULL,04-08-2021 04:37,04-08-2021 04:37
1555,Dandali Fashion Automatic Buckle Belt,B189,2,84,NULL,NULL,1628139466.jpg,N/A,2,220,700,NULL,05-08-2021 04:57,05-08-2021 04:57
1556,Islamic Silicone Bracelet,C183,5,58,NULL,NULL,1628226616.jpg,n/a,2,60,330,NULL,06-08-2021 05:10,06-08-2021 05:10
1557,Islamic Silicone Bracelet,C184,5,58,NULL,NULL,1628226688.jpg,n/a,2,60,330,NULL,06-08-2021 05:11,06-08-2021 05:11
1558,Islamic Silicone Bracelet,C185,5,58,NULL,NULL,1628226758.jpg,n/a,2,60,330,NULL,06-08-2021 05:12,06-08-2021 05:12
1559,Islamic Silicone Bracelet,C186,5,58,NULL,NULL,1628226842.jpg,n/a,2,60,330,NULL,06-08-2021 05:14,06-08-2021 05:14
1560,Stainless Steel Fashion Bracelet,C187,5,58,NULL,NULL,1628600142.jpg,N/A,2,200,350,NULL,10-08-2021 12:55,10-08-2021 12:55
1561,CARNIVAL Royal Ellipse,CV53,10,23,NULL,Only Machine warranty,1628681551.jpg,1 Year,0,5000,9500,NULL,11-08-2021 11:32,11-08-2021 11:32
1562,ORAS Genuine Leather Long Wallet for Men,RA53N,6,61,NULL,1 Year Leather Warranty,1629200083.jpg,1 Year,2,1500,2000,NULL,17-08-2021 11:34,17-08-2021 11:34
1563,Veithdia 6588 Night Vision Anti-reflective Sunglass,A164,4,17,NULL,NULL,1629372144.jpg,N/A,2,900,1500,NULL,19-08-2021 11:22,19-08-2021 11:22
1564,bekeleBOLO Genuine Leather Belt for Men,B521,2,93,NULL,Only leather warranty,1630153221.jpg,1 Year,1,300,800,NULL,28-08-2021 12:20,28-08-2021 12:20
1565,bekeleBOLO Genuine Leather Belt for Men,B520,2,93,NULL,Only leather warranty,1630153330.jpg,1 Year,1,300,800,NULL,28-08-2021 12:22,28-08-2021 12:22
1566,ORAS Genuine Leather Long Wallet for Men,RA83C,6,61,NULL,1 Year Leather Warranty,1630211369.jpg,1 Year,2,600,900,NULL,29-08-2021 04:29,29-08-2021 04:29
1567,ORAS Genuine Leather Mobile Belt Phone Bag,F117,1,61,NULL,Only leather warranty,1630234516.jpg,1 Year,2,340,1250,NULL,29-08-2021 10:55,29-08-2021 10:55
1568,ORAS Genuine Leather Multifunctional Waist Bag,F118,1,61,NULL,Only leather warranty,1630234852.jpg,1 year,1,850,2000,NULL,29-08-2021 11:00,29-08-2021 11:00
1569,ORAS Genuine Leather Fashion Messenger Bag for Men,F119,6,61,NULL,1 Year Leather Warranty,1630575989.jpg,1 Year,2,2000,3600,NULL,02-09-2021 09:46,02-09-2021 09:46
1570,SKMEI Digital Watch for Men,SK56W,10,52,NULL,Only Watch Machine warranty,1630910047.jpg,1 Year,1,400,1200,NULL,06-09-2021 06:34,06-09-2021 06:34
1571,Stainless Steel Nail Clippers,EB32,24,58,NULL,NULL,1630934736.jpg,N/A,2,100,300,NULL,06-09-2021 13:25,06-09-2021 13:25
1572,SKMEI 1717 Luxury Quartz Watch for Men,SK55A,10,52,NULL,1 Year Machine Warranty,1631007962.jpg,1 Year,2,700,990,NULL,07-09-2021 09:46,07-09-2021 09:46
1573,ORAS Genuine Leather Multifunctional Chest Bag,F121,1,61,NULL,Only leather warranty,1631190931.jpg,1 Year,2,800,2000,NULL,09-09-2021 12:35,09-09-2021 12:35
1574,ORAS Genuine Leather Long Wallet,RA53E,6,61,NULL,Only leather warranty.,1631191216.jpg,1 Year,2,760,2000,NULL,09-09-2021 12:40,09-09-2021 12:40
1575,Nail Cutter 15pcs Tool Set,EB34,24,58,NULL,NULL,1631341399.jpg,N/A,2,500,1250,NULL,11-09-2021 06:23,11-09-2021 06:23
1576,8pcs/set Stainless Steel Nail Cutter Tool Set,EB35,24,58,NULL,NULL,1631341552.jpg,N/A,2,200,450,NULL,11-09-2021 06:25,12-07-2022 00:15
1577,Polarized Glasses UV400 Polarized Sunglass,SG76E,4,77,NULL,NULL,1631625442.jpg,NULL,1,300,750,NULL,14-09-2021 13:17,26-07-2022 10:47
1578,ORAS Genuine Leather Waist Bag,F122,1,61,NULL,Only Leather warranty,1631625890.jpg,1 Year,2,600,1800,NULL,14-09-2021 13:24,14-09-2021 13:24
1579,ORAS Genuine Leather Mobile Belt Phone Bag,F123,1,61,NULL,Only leather warranty,1631780544.jpg,1 Year,2,380,1250,NULL,16-09-2021 08:22,16-09-2021 08:22
1580,ORAS Genuine Leather Zipper Wallet,RA11F,6,61,NULL,Only Leather Warranty,1632205429.jpg,1 Year,1,240,600,NULL,21-09-2021 06:23,21-09-2021 06:23
1581,ORAS Genuine Leather Wallet for Men,RA17F,6,61,NULL,1 Year Leather Warranty,1632207387.jpg,1 Year,5,400,650,NULL,21-09-2021 06:56,21-09-2021 06:56
1582,ORAS Genuine Leather Key Wallet,RA85C,32,61,NULL,NULL,1632912183.jpg,1 Year,1,100,450,NULL,29-09-2021 10:43,29-09-2021 10:43
1583,ORAS Genuine Leather Zipper Wallet,RA11E,6,61,NULL,Only Leather warranty,1633333735.jpg,1 Year,1,235,600,NULL,04-10-2021 07:48,04-10-2021 07:48
1584,ORAS Genuine Leather Zipper Wallet,RA11G,6,61,NULL,Only Leather warranty,1633334360.jpg,1 Year,1,235,600,NULL,04-10-2021 07:59,04-10-2021 07:59
1585,ORAS Genuine Leather Ultrathin Card Wallet,RA21E,6,61,NULL,Only leather warranty,1633334516.jpg,1 YEAR,1,260,800,NULL,04-10-2021 08:01,04-10-2021 08:01
1586,Dandali Metal Buckle Adjustable Belt,B191,2,84,NULL,NULL,1633593677.jpg,N/A,1,150,600,NULL,07-10-2021 08:01,07-10-2021 08:01
1587,Dandali Metal Buckle Adjustable Belt,B192,2,84,NULL,NULL,1633593780.jpg,N/A,1,150,600,NULL,07-10-2021 08:03,07-10-2021 08:03
1588,Dandali Metal Buckle Adjustable Belt,B193,2,84,NULL,NULL,1633594565.jpg,N/A,1,150,600,NULL,07-10-2021 08:16,07-10-2021 08:16
1589,Dandali Metal Buckle Adjustable Belt,B194,2,84,NULL,NULL,1633594667.jpg,N/A,1,150,600,NULL,07-10-2021 08:17,07-10-2021 08:17
1590,Dandali Metal Buckle Adjustable Belt,B195,2,84,NULL,NULL,1633601335.jpg,N/A,1,150,600,NULL,07-10-2021 10:08,07-10-2021 10:08
1591,LIGE Luxury Fashion Watch for Men,LG89E,10,36,NULL,Only Machine Warranty,1633780286.jpg,1 Year,1,1200,2250,NULL,09-10-2021 11:51,09-10-2021 11:51
1592,LIGE Big Dial Sports Watch for Men,LG91W,10,36,NULL,Only Machine Warranty,1633780512.jpg,1 Year,1,1300,2250,NULL,09-10-2021 11:55,09-05-2022 01:10
1593,LIGE Big Dial Sports Watch for Men,LG91K,10,36,NULL,Only Machine Warranty,1633780683.jpg,1,1,1300,2350,NULL,09-10-2021 11:58,09-10-2021 11:58
1594,LIGE Dual Display Sports Watch,LG94K,10,36,NULL,Only Machine Warranty,1633780814.jpg,1,1,1020,1900,NULL,09-10-2021 12:00,09-10-2021 12:00
1595,LIGE Luxury Fashion Watch for Men,LG95W,10,36,NULL,Only Machine Warranty,1633781416.jpg,1,1,1350,2450,NULL,09-10-2021 12:10,09-10-2021 12:10
1596,LIGE Luxury Chronograph Watch for Men,LG93W,10,36,NULL,Only Machine Warranty,1633935524.jpg,1 Year,1,1200,2300,NULL,11-10-2021 06:58,11-10-2021 06:58
1597,ORAS Genuine Leather Multi-Function Business Travel Wallet,RA43K,13,61,NULL,NULL,1634547744.jpg,1 Year,1,340,900,NULL,18-10-2021 09:02,18-10-2021 09:02
1598,ORAS Genuine Leather Backpack Bag,F124,1,61,NULL,NULL,1634987428.jpg,1 Year,1,2400,4600,NULL,23-10-2021 11:10,23-10-2021 11:10
1599,VEITHDIA 2462 Polarized Sunglass for Men,SG38E,4,17,NULL,NULL,1635145681.jpg,N/A,1,700,1250,NULL,25-10-2021 07:08,25-10-2021 07:08
1600,VEITHDIA 2462 Polarized Sunglass for Men,SG38G,4,17,NULL,NULL,1635145788.jpg,N/A,1,700,1250,NULL,25-10-2021 07:09,25-10-2021 07:09
1601,VEITHDIA 2732 Polarized Sunglass for Men,A193,4,17,NULL,NULL,1635146258.jpg,N/A,1,700,1400,NULL,25-10-2021 07:17,25-10-2021 07:17
1602,VEITHDIA 3617 Polarized Sunglass for Men,A194,4,17,NULL,NULL,1635147043.jpg,N/A,1,700,1400,NULL,25-10-2021 07:30,25-10-2021 07:30
1603,VEITHDIA 3617 Polarized Sunglass for Men,A195,4,17,NULL,NULL,1635149059.jpg,N/A,1,700,1350,NULL,25-10-2021 08:04,25-10-2021 08:04
1604,VEITHDIA 3617 Polarized Sunglass for Men,A196,9,17,NULL,NULL,1635156012.jpg,n/a,1,700,1350,NULL,25-10-2021 10:00,25-10-2021 10:00
1605,VEITHDIA 3617 Polarized Sunglass for Men,A197,4,17,NULL,NULL,1635156104.jpg,N/A,1,700,1050,NULL,25-10-2021 10:01,25-10-2021 10:01
1606,VEITHDIA 3617 Polarized Sunglass for Men,A198,4,17,NULL,NULL,1635156495.jpg,N/A,1,700,1050,NULL,25-10-2021 10:08,25-10-2021 10:08
1607,VEITHDIA 3617 Polarized Sunglass for Men,A199,4,17,NULL,NULL,1635156716.jpg,N/A,1,700,1050,NULL,25-10-2021 10:11,25-10-2021 10:11
1608,ORAS Genuine Leather Wallet for Men,RA86C,6,61,NULL,Only leather warranty,1635160060.jpg,1 Year,1,275,650,NULL,25-10-2021 11:07,25-10-2021 11:07
1609,ORAS Genuine Leather Wallet for Men,RA17L,6,61,NULL,NULL,1635420397.jpg,1 Year,1,300,650,NULL,28-10-2021 11:26,28-10-2021 11:26
1610,ORAS Genuine Leather Wallet for Men,RA86K,6,61,NULL,NULL,1635423762.jpg,1 Year,1,275,650,NULL,28-10-2021 12:22,28-10-2021 12:22
1611,ORAS Crocodile Texture Genuine Leather Wallet,RA87C,6,61,NULL,NULL,1635580396.jpg,1 Year,1,300,800,NULL,30-10-2021 07:53,30-10-2021 07:53
1612,ORAS Genuine Leather Waist Bag,F125,1,61,NULL,NULL,1635672283.jpg,1 Year,1,550,1800,NULL,31-10-2021 09:24,31-10-2021 09:24
1613,ORAS Genuine Leather Key Pouch Wallet,RA88K,32,61,NULL,NULL,1635672701.jpg,1 Year,1,150,450,NULL,31-10-2021 09:31,31-10-2021 09:31
1614,ORAS Genuine Leather Wallet for Men,RA89C,6,61,NULL,NULL,1635673650.jpg,1 Year,1,320,750,NULL,31-10-2021 09:47,31-10-2021 09:47
1615,ORAS Genuine Leather Wallet for Men,RA89K,6,61,NULL,NULL,1635674689.jpg,1 Year,1,320,750,NULL,31-10-2021 10:04,31-10-2021 10:04
1616,Argentina Flag Silicone Bracelet,C188,5,58,NULL,NULL,1635767904.jpg,N/A,1,100,320,NULL,01-11-2021 11:58,01-11-2021 11:58
1617,LIGE Luxury Chronograph Watch for Men,LE111,10,36,NULL,Only Machine Warranty,1636527295.jpg,1 Year,1,1450,2650,NULL,10-11-2021 06:54,10-11-2021 06:54
1618,LIGE Luxury Chronograph Watch for Men,LE112,10,36,NULL,Only Machine Warranty,1636527413.jpg,1,1,1450,2650,NULL,10-11-2021 06:56,10-11-2021 06:56
1619,LIGE Square Automatic Watch for Men,LE113,10,36,NULL,Only Machine Warranty,1636529963.jpg,1,1,2100,4200,NULL,10-11-2021 07:39,10-11-2021 07:39
1620,LIGE Luxury Fashion Watch for Men,LE114,10,36,NULL,Only Machine Warranty,1636530064.jpg,1,1,1200,2250,NULL,10-11-2021 07:41,10-11-2021 07:41
1621,LIGE SUNKTA Watch for Women,LE115,10,36,NULL,Only Machine Warranty,1636536460.jpg,1,1,1100,2250,NULL,10-11-2021 09:27,10-11-2021 09:27
1622,LIGE Luxury Fashion Watch for Men,LE116,10,36,NULL,Only Machine Warranty,1636536767.jpg,1,1,1300,2450,NULL,10-11-2021 09:32,10-11-2021 09:32
1623,NAVIFORCE Sports Dual Display Watch,NV126,10,39,NULL,Only Machine Warranty.,1636546794.jpg,1,1,1320,2650,NULL,10-11-2021 12:19,10-11-2021 12:19
1624,NAVIFORCE Sports Dual Display Watch,NV127,10,39,NULL,Only Machine Warranty.,NULL,1,1,1320,2650,NULL,10-11-2021 12:23,10-11-2021 12:23
1625,BEKELEBOLO Luxury High-quality Genuine Leather Menâ€™s Belt,B522,2,93,NULL,NULL,1636866232.jpg,1 Year,1,400,850,NULL,14-11-2021 05:03,14-11-2021 05:03
1626,ORAS Genuine Leather Card Holder,RA39R,6,61,NULL,1 Year Leather Warranty,1637145964.jpg,1 Year,2,170,400,NULL,17-11-2021 10:46,17-11-2021 11:56
1627,ORAS Genuine Leather laptop Document Pouch Bag,F127,1,61,NULL,NULL,1637489809.jpg,1 Year,1,950,2350,NULL,21-11-2021 10:16,21-11-2021 10:16
1628,Megir Rectangle Chronograph,ME3,10,37,NULL,1 Years Machine Warranty,1637819040.jpg,1 Year,1,1500,2350,NULL,24-11-2021 23:44,24-11-2021 23:44
1629,ORAS Full Grain Genuine Leather Duffel Bag,F129,1,61,NULL,1 Year Leather Warranty,1638079331.jpg,1 Year,1,4100,9250,NULL,28-11-2021 00:02,28-11-2021 00:02
1630,ORAS Full Grain Genuine Leather Duffel Bag,F128,1,61,NULL,1 Year Leather Warranty,1638079435.jpg,1 Year,1,4100,9250,NULL,28-11-2021 00:03,28-11-2021 00:03
1631,ORAS Genuine Leather Long Hand Wallet,RA16E,6,61,NULL,NULL,1638177721.jpg,1,1,550,1200,NULL,29-11-2021 03:22,29-11-2021 03:22
1632,ORAS Genuine Leather Long Wallet,RA92K,6,61,NULL,1 Year Leather Warranty,1638343406.jpg,1 Year,1,340,900,NULL,01-12-2021 01:23,01-12-2021 01:23
1633,ORAS Genuine Leather Long Wallet,RA91K,6,61,NULL,1 Year Leather Warranty,1638343562.jpg,1 Year,1,330,900,NULL,01-12-2021 01:26,01-12-2021 01:26
1634,ORAS Genuine Leather Belt for Men,B606,2,61,NULL,NULL,1638450173.jpg,1 Year,1,290,800,NULL,02-12-2021 07:02,02-12-2021 07:02
1635,OLEVS Silicone Strap Chronograph Watch,E73N,10,44,NULL,Only Machine Warranty,1638682229.jpg,1 Year,1,1050,2000,NULL,04-12-2021 23:30,04-12-2021 23:30
1636,OULM Big Dial Sports Watch for Men,UM23K,10,45,NULL,Only Machine Warranty,1638702793.jpg,1 Year,1,1000,2350,NULL,05-12-2021 05:13,05-12-2021 05:13
1637,OULM Big Dial Sports Watch for Men,UM25E,10,45,NULL,Only Machine Warranty,1638702995.jpg,NULL,1,1000,2250,Only Machine Warranty,05-12-2021 05:16,03-08-2022 09:51
1638,Carnival 8773G Automatic Mechanical Watch Men,CV54,10,23,NULL,NULL,1638941630.jpg,1 Year,1,4000,8500,NULL,07-12-2021 23:33,07-12-2021 23:33
1639,Carnival 8761G Automatic Mechanical Watch,CV57,10,23,NULL,NULL,1638945473.jpg,1 Year,1,5000,9000,NULL,08-12-2021 00:37,08-12-2021 00:37
1640,Carnival 8761G Automatic Mechanical Watch,CV56,10,23,NULL,NULL,1638945602.jpg,1 Year,1,5000,9000,NULL,08-12-2021 00:40,08-12-2021 00:40
1641,I&W Carnival 589G Automatic Mechanical Watch,CV55,10,23,NULL,NULL,1638945765.jpg,1 Year,0,7500,14500,NULL,08-12-2021 00:42,08-12-2021 00:42
1642,CURREN Fashion Chronograph Watch,CR123,10,26,NULL,1 Year Machine Warranty,1638948981.jpg,1 Year,1,1000,1950,NULL,08-12-2021 01:36,08-12-2021 01:36
1643,CURREN 8363 Sports Chronograph Watch,CR32K,10,26,NULL,1 Year Machine Warranty.,1638949309.jpg,1 Year,1,1500,2100,NULL,08-12-2021 01:41,08-12-2021 01:41
1644,CURREN 8363 Sports Chronograph Watch,CR125,10,26,NULL,1 Year Machine Warranty,1638954687.jpg,1 Year,1,1000,2100,NULL,08-12-2021 03:11,08-12-2021 03:11
1645,CURREN 8388 Sports Chronograph Watch,CR126,10,26,NULL,1 Year Machine Warranty,1638954968.jpg,1 Year,1,700,1400,NULL,08-12-2021 03:16,08-12-2021 03:16
1646,LIGE Big Dial Sports Watch for Men,LG91A,10,36,NULL,Only Machine Warranty,1639314481.jpg,1 Year,1,1100,2350,NULL,12-12-2021 07:08,12-12-2021 07:08
1647,LIGE Big Dial Sports Watch for Men,LE117,10,36,NULL,Only Machine Warranty,1639314621.jpg,1 Year,1,1400,2350,NULL,12-12-2021 07:10,12-12-2021 07:10
1648,LIGE Big Dial Sports Watch for Men,LE118,10,36,NULL,Only Machine Warranty,1639314746.jpg,1 Year,1,1400,2350,NULL,12-12-2021 07:12,12-12-2021 07:12
1649,LIGE Luxury Quartz Watch for Men,LE119,10,36,NULL,Only Machine Warranty,1639373989.jpeg,1Year,1,1250,2450,NULL,12-12-2021 23:39,12-12-2021 23:39
1650,LIGE Luxury Quartz Watch for Men,LE121,10,36,NULL,Only Machine Warranty,1639374188.jpeg,1Year,1,1250,2450,NULL,12-12-2021 23:42,12-12-2021 23:43
1651,ORAS Genuine Leather Belt for Men,B607,2,61,NULL,NULL,1639464479.jpg,1 Year,1,300,750,NULL,14-12-2021 00:47,14-12-2021 00:47
1652,Genuine Leather Multifunctional Mobile Waist Bag,F131,1,58,NULL,NULL,1639556189.jpg,1 Year,1,330,850,NULL,15-12-2021 02:16,15-12-2021 02:16
1653,ORAS Genuine Leather Belt for Men,B608,2,61,NULL,1 Year Leather Warranty,1639629306.jpg,1 Year,2,400,750,NULL,15-12-2021 22:35,15-12-2021 22:35
1654,Jeep Zero Genuine Leather Belt for Men,B214,2,58,NULL,1 Year Leather Warranty,1639631693.jpg,1 Year,2,500,800,NULL,15-12-2021 23:14,15-12-2021 23:14
1655,ORAS Genuine Leather Travel Bag,F132,1,61,NULL,1 Year Leather Warranty,1639632144.jpg,1 Year,2,3500,4999,NULL,15-12-2021 23:22,15-12-2021 23:22
1656,Veithdia 7029 Polarized UV400 Anti-reflective Sunglass,A216,4,17,NULL,NULL,1639640145.jpg,NULL,2,700,950,NULL,16-12-2021 01:35,16-12-2021 01:35
1657,Veithdia 6587 Polarized UV400 Anti-reflective Sunglass,A217,9,17,NULL,NULL,1639640332.jpg,NULL,2,1000,1400,NULL,16-12-2021 01:38,16-12-2021 01:38
1658,Veithdia 3820 Polarized UV400 Anti-reflective Sunglass,A218,9,17,NULL,NULL,1639640391.jpg,NULL,2,1000,1350,NULL,16-12-2021 01:39,16-12-2021 01:39
1659,Veithdia 3820 Polarized UV400 Anti-reflective Sunglass,A219,9,17,NULL,NULL,1639640448.jpg,NULL,2,1000,1350,NULL,16-12-2021 01:40,16-12-2021 01:40
1660,Veithdia 6699 Polarized UV400 Anti-reflective Sunglass,A222,9,17,NULL,NULL,1639640595.jpg,NULL,2,700,1150,NULL,16-12-2021 01:41,16-12-2021 01:43
1661,Veithdia 3152 Polarized UV400 Anti-reflective Sunglass,A221,9,17,NULL,NULL,1639640665.jpg,NULL,2,800,1250,NULL,16-12-2021 01:44,16-12-2021 01:44
1662,Veithdia 6880 Polarized UV400 Anti-reflective Sunglass,A223,9,17,NULL,NULL,1639640769.jpg,NULL,2,1400,1700,NULL,16-12-2021 01:46,16-12-2021 01:46
1663,Veithdia 6880 Polarized UV400 Anti-reflective Sunglass,A224,9,17,NULL,NULL,1639640819.jpg,NULL,2,1300,1700,NULL,16-12-2021 01:46,16-12-2021 01:46
1664,Veithdia 6535 Polarized UV400 Anti-reflective Sunglass,A225,9,17,NULL,NULL,1639640944.jpg,NULL,2,1000,1450,NULL,16-12-2021 01:49,16-12-2021 01:49
1665,STARL Fashion Polarized Sunglass for Men,A316,9,77,NULL,NULL,1640003502.jpg,NULL,2,800,1300,NULL,20-12-2021 06:31,20-12-2021 06:31
1666,STARL Fashion Polarized Sunglass for Men,A317,9,77,NULL,NULL,1640068035.jpg,NULL,2,800,1050,NULL,21-12-2021 00:27,21-12-2021 00:27
1667,STARL Fashion Polarized Sunglass for Men,A318,9,77,NULL,NULL,1640068668.jpg,NULL,2,850,1100,NULL,21-12-2021 00:37,21-12-2021 00:37
1668,STARL Fashion Polarized Sunglass for Men,A319,9,61,NULL,NULL,1640073054.jpg,NULL,2,800,1100,NULL,21-12-2021 01:50,21-12-2021 01:50
1669,STARL Fashion Polarized Sunglass for Men,A320,9,77,NULL,NULL,1640077296.jpg,NULL,2,1000,1550,NULL,21-12-2021 03:01,21-12-2021 03:01
1670,STARL Fashion Polarized Sunglass for Men,A321,9,77,NULL,NULL,1640078325.jpg,NULL,2,700,1000,NULL,21-12-2021 03:18,21-12-2021 03:18
1671,STARL Fashion Polarized Sunglass for Men,A322,9,77,NULL,NULL,1640079613.jpg,NULL,2,1000,1450,NULL,21-12-2021 03:40,21-12-2021 03:40
1672,STARL Fashion Polarized Sunglass for Men,A323,9,77,NULL,NULL,1640150056.jpg,NULL,2,450,750,NULL,21-12-2021 23:14,21-12-2021 23:14
1673,STARL Fashion Polarized Sunglass for Men,A324,9,77,NULL,NULL,1640152145.jpg,NULL,2,800,1200,NULL,21-12-2021 23:49,21-12-2021 23:49
1674,STARL Fashion Polarized Sunglass for Men,A325,9,77,NULL,NULL,1640153009.jpg,NULL,2,400,600,NULL,22-12-2021 00:03,22-12-2021 00:03
1675,STARL Polarized Clip-On Sunglass,A226,9,77,NULL,NULL,1640154898.jpg,NULL,2,400,600,NULL,22-12-2021 00:34,22-12-2021 00:34
1676,STARL Fashion Polarized Sunglass for Men,A227,9,77,NULL,NULL,1640156694.jpg,NULL,2,1100,1550,NULL,22-12-2021 01:04,22-12-2021 04:00
1677,STARL Fashion Polarized Sunglass for Men,A228,9,77,NULL,NULL,1640168029.jpg,NULL,2,400,650,NULL,22-12-2021 04:13,22-12-2021 04:13
1678,STARL Night Vision Sunglass for Men,A229,9,77,NULL,NULL,1640168128.jpg,NULL,2,400,650,NULL,22-12-2021 04:15,22-12-2021 04:15
1679,STARL Bamboo Fiber Polarized Sunglass for Men,A230,9,77,NULL,NULL,1640237291.jpg,NULL,2,800,1000,NULL,22-12-2021 23:28,14-02-2022 03:32
1680,STARL Fashion Polarized Sunglass for Men,A231,9,77,NULL,NULL,1640238443.jpg,NULL,2,600,950,NULL,22-12-2021 23:47,22-12-2021 23:47
1681,STARL Fashion Polarized Sunglass for Men,A232,9,77,NULL,NULL,1640239254.jpg,NULL,2,600,950,NULL,23-12-2021 00:00,23-12-2021 00:00
1682,STARL Fashion Polarized Sunglass for Men,A233,9,77,NULL,NULL,1640261264.jpg,NULL,2,1000,1500,NULL,23-12-2021 06:07,23-12-2021 06:07
1683,STARL Fashion Polarized Sunglass for Men,A234,9,77,NULL,NULL,1640414930.jpg,NULL,2,700,1000,NULL,25-12-2021 00:48,25-12-2021 00:48
1684,STARL Fashion Polarized Sunglass for Men,A235,9,77,NULL,NULL,1640415943.jpg,NULL,2,800,1250,NULL,25-12-2021 01:05,25-12-2021 01:05
1685,STARL Fashion Polarized Sunglass,A236,9,77,NULL,NULL,1640417799.jpg,NULL,2,700,1000,NULL,25-12-2021 01:36,25-12-2021 01:40
1686,STARL Fashion Polarized Sunglass for Men,A237,9,77,NULL,NULL,1640418604.jpg,NULL,2,800,1050,NULL,25-12-2021 01:50,25-12-2021 01:50
1687,STARL Fashion Polarized Sunglass for Men,A238,9,77,NULL,NULL,1640419482.jpg,NULL,2,800,1050,NULL,25-12-2021 02:04,25-12-2021 02:04
1688,ORAS Genuine Leather Travel Bag,F133,1,61,NULL,1 Year Leather Warranty,1640514179.jpg,1 Year,2,3200,4500,NULL,26-12-2021 04:22,26-12-2021 04:26
1689,ORAS Genuine Leather Travel Bag,F134,1,61,NULL,1 Year Leather Warranty,1640514234.jpg,1 Year,2,3200,4500,NULL,26-12-2021 04:23,26-12-2021 04:23
1690,LIGE 10045 Luxury Quartz Watch for Men,LE122,10,36,NULL,Warranty Policy: 1 Year Machine Warranty,1640523880.jpg,1 Year,1,1000,1450,NULL,26-12-2021 07:04,15-07-2022 22:57
1691,LIGE 8924 Chronograph Quartz Watch for Men,LE124,10,36,NULL,1 Year Machine Warranty,1640581740.jpg,1 Year,2,1500,2450,NULL,26-12-2021 23:09,26-12-2021 23:09
1692,Sunkta 6705 Diamond Dial Quartz Watch for Women,LE125,10,94,NULL,1 Year Machine Warranty,1640584461.jpg,1 Year,2,1100,1600,NULL,26-12-2021 23:54,26-12-2021 23:54
1693,LIGE 10045 Luxury Quartz Watch for Men,LE126,10,36,NULL,1 Year Machine Warranty,1640585467.jpg,1 Year,2,1000,1500,NULL,27-12-2021 00:11,27-12-2021 00:11
1694,ORAS Genuine Leather Shoulder Bag for Men,F135,1,61,NULL,1 Year Leather Warranty,1640668556.jpg,1 Year,2,2000,3000,NULL,27-12-2021 23:15,27-12-2021 23:15
1695,Jeep Zero Genuine Leather Belt for Men,B229,2,14,NULL,1 Year Leather Warranty,1640850344.jpg,1 Year,2,400,800,NULL,30-12-2021 01:45,30-12-2021 01:45
1696,ORAS Genuine Leather Belt for Men,B609,2,61,NULL,1 Year Leather Warranty,1641193231.jpg,1 Year,2,450,800,NULL,03-01-2022 01:00,03-01-2022 01:00
1697,OULM Big Dial Sports Watch for Men,UM24K,10,45,NULL,1 Year Machine Warranty,1641204441.jpg,1 Year,2,1600,2200,NULL,03-01-2022 04:07,03-01-2022 04:07
1698,ORAS Genuine Leather Belt for Men,B612,2,61,NULL,NULL,1641444221.jpg,1 Year,1,300,800,NULL,05-01-2022 22:43,05-01-2022 22:43
1699,ORAS Genuine Leather Belt for Men,B611,2,61,NULL,NULL,1641444470.jpg,1 Year,1,300,800,NULL,05-01-2022 22:47,05-01-2022 22:47
1700,ORAS Genuine Leather Belt for Men,B613,2,61,NULL,1 Year Leather Warranty,1641444597.jpg,1 Year,2,450,800,NULL,05-01-2022 22:49,05-01-2022 22:49
1701,ORAS Genuine Leather Belt for Men,B614,2,61,NULL,1 Year Leather Warranty,1641445210.jpg,1 Year,2,450,750,NULL,05-01-2022 23:00,05-01-2022 23:00
1702,ORAS Luxury Genuine Leather Travel Passport Holder,RA93C,6,61,NULL,1 Year Leather Warranty,1641469911.jpg,1 Year,2,400,650,NULL,06-01-2022 05:51,06-01-2022 05:51
1703,ORAS Genuine Leather Wallet for Men,RA94C,6,61,NULL,1 Year Leather Warranty,1641471815.jpg,1 Year,2,400,650,NULL,06-01-2022 06:23,06-01-2022 06:23
1704,ORAS Genuine Leather Long Wallet for Men,RA95C,6,61,NULL,1 Year Leather Warranty,1641633790.jpg,1 Year,2,500,750,NULL,08-01-2022 03:23,15-01-2022 06:41
1705,KINGNUOS Watch for Men,KN27K,10,33,NULL,1 Year Machine Warranty,1642082150.jpg,1 Year,2,500,800,NULL,13-01-2022 07:55,13-01-2022 07:55
1706,KAT-WACH 1818 Classic Dual Display Watch,KT13R,10,71,NULL,1 Year Machine Warranty,1642670692.jpg,1 Year,2,1400,1750,NULL,20-01-2022 03:24,20-01-2022 03:24
1707,KAT-WACH 1812 Big Dial Dual Display Watch,KT18E,10,71,NULL,1 Year Machine Warranty,1642671719.jpg,1 Year,2,1000,1700,NULL,20-01-2022 03:41,20-01-2022 03:41
1708,KAT-WACH 1812 Big Dial Dual Display Watch,KT18N,10,71,NULL,1 Years Machine Warranty,1642677045.jpg,1 Year,2,1200,1700,NULL,20-01-2022 05:10,20-01-2022 05:10
1709,KAT-WACH 1845 Big Dial Dual Display Watch,KT19W,10,71,NULL,1 Years Machine Warranty,1642935786.jpg,1 Year,2,1200,1750,NULL,23-01-2022 05:03,23-01-2022 05:03
1710,KAT-WACH 1845 Big Dial Dual Display Watch,KT19K,10,71,NULL,1 Year Machine Warranty,1642935839.jpg,1 Year,2,1200,1750,NULL,23-01-2022 05:03,23-01-2022 05:03
1711,KAT-WACH 714 Big Dial Dual Display Watch,KT21W,10,71,NULL,1 Year Machine Warranty,1643021166.jpg,1 Year,2,1400,1950,NULL,24-01-2022 04:46,24-01-2022 04:46
1712,KAT-WACH 714 Big Dial Dual Display Watch,KT21E,10,71,NULL,1 Year Machine Warranty,1643084788.jpg,1 Year,2,1500,1950,NULL,24-01-2022 22:26,24-01-2022 22:26
1713,Repaired Watch,WRP,30,58,NULL,NULL,NULL,NULL,2,1200,1200,NULL,26-01-2022 02:47,26-01-2022 02:47
1714,ORAS Genuine Leather Key Holder (2 Pcs),RA96,32,61,NULL,1 Year Leather Warranty,1643452004.jpg,1 Year,2,150,199,NULL,29-01-2022 04:26,29-01-2022 04:26
1715,ORAS Genuine Leather Travel Bag,F136,1,61,NULL,1 Year Leather Warranty,1643625317.jpg,NULL,2,4000,5700,NULL,31-01-2022 04:35,31-01-2022 04:35
1716,ORAS Genuine Leather Travel Duffel Bag,F137,1,61,NULL,1 Year Leather Warranty,1644642910.jpg,1 Year,2,4000,5700,NULL,11-02-2022 23:15,11-02-2022 23:15
1717,bekeleBOLO Genuine Leather Automatic Buckle Belt,B524,2,93,NULL,1 Year Leather Warranty,1644817789.jpg,1 Year,2,600,900,NULL,13-02-2022 23:49,13-02-2022 23:49
1718,bekeleBOLO Genuine Leather Automatic Buckle Belt,B523,2,93,NULL,1 Year Leather Warranty,1644817888.jpg,1 Year,2,600,900,NULL,13-02-2022 23:51,13-02-2022 23:51
1719,Belt Buckle,Buckle,30,58,NULL,NULL,NULL,n/a,1,200,200,NULL,01-03-2022 06:54,01-03-2022 06:54
1720,ORAS Genuine Leather Card Holder Wallet,RA97K,28,61,NULL,Only leather warranty,1646562248.jpg,1 Year,1,80,350,NULL,06-03-2022 04:24,06-03-2022 04:24
1721,ORAS Genuine Leather Card Holder Wallet,RA98K,28,61,NULL,Only leather warranty,1646564484.jpg,1 Year,1,60,350,NULL,06-03-2022 05:00,06-03-2022 05:01
1722,ORAS Genuine Leather Personal Handbag for Men,F138,1,61,NULL,1 Year Leather Warranty,1647162598.jpg,1 Year,2,2000,2600,NULL,13-03-2022 03:09,13-03-2022 03:09
1723,POEDAGAR Fashion Watch for Men,K1001,10,95,NULL,1 Year Machine Warranty,1647339900.jpg,1 Year,2,800,1250,NULL,15-03-2022 04:25,15-03-2022 04:25
1724,POEDAGAR Fashion Watch for Women,K1002,10,95,NULL,1 Year Machine Warranty,1647340002.jpg,1 Year,2,800,1250,NULL,15-03-2022 04:26,15-03-2022 04:26
1725,POEDAGAR Fashion Watch for Men,K1003,10,95,NULL,1 Year Machine Warranty,1647340073.jpg,1 Year,2,1000,1450,NULL,15-03-2022 04:27,15-03-2022 04:27
1726,LANGLISHI Fashion Watch for Men,K1201,10,96,NULL,1 Year Machine Warranty,1647496747.jpg,1 Year,2,1200,1500,NULL,16-03-2022 23:59,16-03-2022 23:59
1727,LANGLISHI Fashion Watch for Men,K1202,10,96,NULL,1 Year Machine Warranty,1647496842.jpg,1 Year,2,1200,1500,NULL,17-03-2022 00:00,17-03-2022 00:00
1728,POEDAGAR Fashion Watch for Men,K1004,10,95,NULL,1 Year Machine Warranty,1647496942.jpg,1 Year,2,1100,1450,NULL,17-03-2022 00:02,17-03-2022 00:02
1729,POEDAGAR Fashion Watch for Men,K1005,10,95,NULL,1 Year Machine Warranty,1647759516.jpg,1 Year,2,1200,1500,NULL,20-03-2022 00:58,20-03-2022 00:58
1730,POEDAGAR Fashion Watch for Men,K1006,10,95,NULL,1 Year Machine Warranty,1647759559.jpg,1 Year,2,1200,1500,NULL,20-03-2022 00:59,20-03-2022 00:59
1731,Veithdia 8259 Polarized UV400 Anti-reflective Sunglass,A239,4,17,NULL,NULL,1647773100.jpg,N/A,1,700,1250,NULL,20-03-2022 04:45,20-03-2022 04:45
1732,ORAS Full Grain Genuine Leather Duffel Bag,F139,1,61,NULL,Leather Warranty,1647775117.jpg,1 Year,1,2800,5500,NULL,20-03-2022 05:18,20-03-2022 05:18
1733,Veithdia 2495 Polarized UV400 Anti-reflective Sunglass,A242,4,17,NULL,NULL,1647846069.jpg,NULL,2,1000,1400,NULL,21-03-2022 01:01,21-03-2022 01:01
1734,Veithdia 6696 Polarized UV400 Anti-reflective Sunglass,A241,4,17,NULL,NULL,1647846115.jpg,NULL,2,1000,1450,NULL,21-03-2022 01:01,21-03-2022 01:01
1735,Veithdia 8259 Polarized UV400 Anti-reflective Sunglass,A240,4,17,NULL,NULL,1647846163.jpg,NULL,2,1000,1250,NULL,21-03-2022 01:02,21-03-2022 01:02
1736,FENSIR Islamic Watch for Men,K1301,10,97,NULL,1 Year Machine Warranty,1647951754.jpg,1 Year,2,1300,1700,NULL,22-03-2022 06:22,22-03-2022 06:22
1737,FENSIR Fashion Watch for Men,K1303,10,97,NULL,1 Year Machine Warranty,1647955642.jpg,1 Year,2,1200,1700,NULL,22-03-2022 07:27,22-03-2022 07:27
1738,FENSIR Islamic Watch for Men,K1302,10,97,NULL,1 Year Machine Warranty,1648027056.jpg,NULL,2,1200,1700,NULL,23-03-2022 03:17,23-03-2022 03:17
1739,FENSIR Islamic Watch for Men,K1304,10,97,NULL,1 Year Machine Warranty,1648029123.jpg,1 Year,2,1500,1950,NULL,23-03-2022 03:52,23-03-2022 03:52
1740,FENSIR Fashion Watch for Men,K1305,10,97,NULL,1 Year Machine Warranty,1648029182.jpg,1 Year,2,1200,1700,NULL,23-03-2022 03:53,23-03-2022 03:53
1741,FENSIR Islamic Watch for Men,K1306,10,97,NULL,1 Year Machine Warranty,1648029321.jpg,1 Year,2,1500,1800,NULL,23-03-2022 03:55,23-03-2022 03:55
1742,STARL Color Changing Night Vision Polarized Sunglass,A326,4,77,NULL,NULL,1648279378.jpg,NULL,2,800,1100,NULL,26-03-2022 01:22,26-03-2022 01:22
1743,STARL ANTI GLARE Night Vision Sunglass,A327,4,77,NULL,NULL,1648301085.jpg,NULL,2,300,500,NULL,26-03-2022 07:24,26-03-2022 07:24
1744,STARL Foldable Polarized Sunglass for Men,A328,4,77,NULL,NULL,1648646187.jpg,NULL,2,600,900,NULL,30-03-2022 07:16,30-03-2022 07:16
1745,STARL Foldable Color Changing Night Vision Sunglass,A329,4,77,NULL,NULL,1648647528.jpg,NULL,2,800,1000,NULL,30-03-2022 07:38,30-03-2022 07:38
1746,STARL Foldable Polarized Sunglass,A330,4,77,NULL,NULL,1648876452.jpg,NULL,2,800,1000,NULL,01-04-2022 23:14,01-04-2022 23:14
1747,ORAS Genuine Leather Personal Handbag for Men,F141,1,61,NULL,1 Year leather warranty,1648882848.jpg,1 Year,1,1200,2600,NULL,02-04-2022 01:00,02-04-2022 01:00
1748,ORAS Genuine Leather Belt for Men,B616,2,61,NULL,1 Year Leather Warranty,1648886283.jpg,1,1,300,850,NULL,02-04-2022 01:58,02-04-2022 01:58
1749,ORAS Genuine Leather Belt for Men,B615,2,61,NULL,1 Year Leather Warranty,1648886513.jpg,1 Year,1,300,850,NULL,02-04-2022 02:01,02-04-2022 02:01
1750,ORAS Genuine Leather Key Wallet,RA99C,32,61,NULL,1 Year Leather Warranty,1648905647.jpg,1 Year,1,300,950,NULL,02-04-2022 07:20,02-04-2022 07:20
1751,STARL Polarizing Night Vision Sunglass,A331,4,77,NULL,NULL,1648961481.jpg,NULL,2,700,1150,NULL,02-04-2022 22:51,02-04-2022 22:51
1752,STARL Polarized Sunglass for Men,A333,8,77,NULL,NULL,1648961590.jpg,NULL,2,600,950,NULL,02-04-2022 22:53,02-04-2022 22:53
1753,STARL Polarizing Night Vision Sunglass,A332,4,77,NULL,NULL,1648961676.jpg,NULL,2,900,1200,NULL,02-04-2022 22:54,02-04-2022 22:54
1754,STARL Color Changing Night Vision Polarized Sunglass,A334,4,77,NULL,NULL,1649058412.jpg,NULL,2,800,1100,NULL,04-04-2022 01:46,04-04-2022 01:46
1755,STARL Anti Glare Night Vision Sunglass,A335,4,77,NULL,NULL,1649059874.jpg,NULL,2,800,1100,NULL,04-04-2022 02:11,04-04-2022 02:11
1756,STARL Polarized Sunglass for Men,A336,4,77,NULL,NULL,1649060924.jpg,NULL,2,800,1000,NULL,04-04-2022 02:28,04-04-2022 02:28
1757,STARL Color Changing Photochromic Polarized Sunglass,A337,4,77,NULL,NULL,1649146956.jpg,NULL,2,500,900,NULL,05-04-2022 02:22,05-04-2022 02:23
1758,STARL Color Changing Night Vision Sunglass,A338,4,77,NULL,NULL,1649147064.jpg,NULL,2,700,950,NULL,05-04-2022 02:24,05-04-2022 02:24
1759,STARL Sunglass with Bluetooth Headphone,A339,4,77,NULL,NULL,1649148233.jpg,NULL,2,1200,1650,NULL,05-04-2022 02:43,05-04-2022 02:43
1760,SKMEI 1735 Digital Waterproof Watch for Men,SK57G,10,52,NULL,1 Year Machine Warranty,1649239927.jpg,1 Year,2,1000,1200,NULL,06-04-2022 04:12,06-04-2022 04:12
1761,SKMEI 1735 Digital Waterproof Watch for Men,SK57W,10,52,NULL,1 Year Machine Warranty,1649240104.jpg,1 Year,2,1000,1200,NULL,06-04-2022 04:15,06-04-2022 04:15
1762,TEVON Azan Reminder Islamic Watch,K2002,10,99,NULL,1 Year machine Warranty,1649568504.jpg,1 Year,2,2000,2500,NULL,09-04-2022 23:28,09-04-2022 23:28
1763,TEVON Azan Reminder Islamic Watch,K2001,10,99,NULL,1 Year machine Warranty,1649568558.jpg,1 Year,2,2000,2500,NULL,09-04-2022 23:29,09-04-2022 23:29
1764,SKMEI 1812 Digital Waterproof Watch for Men,SK58K,10,52,NULL,1 Year Machine Warranty,1649575441.jpg,NULL,2,800,1300,Only machine Warranty,10-04-2022 01:24,27-08-2022 10:19
1765,SKMEI 1812 Digital Waterproof Watch for Men,SK58W,10,52,NULL,1 Year Machine Warranty,1649575488.jpg,1 Year,2,800,1200,NULL,10-04-2022 01:24,10-04-2022 01:24
1766,CRRJU Square Square Watch for Men,K1501,10,100,NULL,1 Year Machine Warranty,1649670360.jpg,1 Year,2,1200,1850,NULL,11-04-2022 03:46,11-04-2022 03:46
1767,CRRJU Square Square Watch for Men,K1502,10,100,NULL,1 Year Machine Warranty,1649670443.jpg,1 Year,2,1200,1850,NULL,11-04-2022 03:47,11-04-2022 03:47
1768,SWISH Square Business Watch for Men,K1601,10,101,NULL,1 Year Machine Warranty,1649758422.jpg,1 Year,2,1500,1950,NULL,12-04-2022 04:13,12-04-2022 04:13
1769,SWISH Square Business Watch for Men,K1602,10,101,NULL,1 Year Machine Warranty,NULL,1 Year,2,1500,1950,NULL,12-04-2022 04:14,12-04-2022 04:14
1770,STARL Polarized Sunglass for Men,A341,4,77,NULL,NULL,1650003877.jpg,N/A,1,500,1050,NULL,15-04-2022 00:24,15-04-2022 00:24
1771,STARL Polarized Sunglass for Men,A342,4,77,NULL,NULL,1650093354.jpg,NULL,2,800,1350,NULL,16-04-2022 01:15,16-04-2022 01:15
1772,STARL Polarized Sunglass for Men,A343,4,77,NULL,NULL,1650095412.jpg,NULL,2,800,1000,NULL,16-04-2022 01:50,16-04-2022 01:50
1773,STARL Polarized Sunglass for Men,A344,4,77,NULL,NULL,1650095448.jpg,NULL,2,800,1000,NULL,16-04-2022 01:50,16-04-2022 01:50
1774,STARL Polarized Sunglass for Men,A345,4,77,NULL,NULL,1650181317.jpg,NULL,2,700,1000,NULL,17-04-2022 01:41,17-04-2022 01:41
1775,STARL Polarized Sunglass for Men,A346,9,77,NULL,NULL,1650181408.jpg,NULL,2,650,950,NULL,17-04-2022 01:43,17-04-2022 01:43
1776,STARL Color Changing Night Vision Polarized Sunglass,A347,4,77,NULL,NULL,1650275997.jpg,NULL,2,800,1100,NULL,18-04-2022 03:59,18-04-2022 03:59
1777,STARL Polarized Sunglass for Men,A348,4,77,NULL,NULL,1650276039.jpg,NULL,2,800,1150,NULL,18-04-2022 04:00,18-04-2022 04:00
1778,STARL Polarized Sunglass for Men,A349,4,77,NULL,NULL,1650526280.jpg,NULL,2,800,1150,NULL,21-04-2022 01:31,21-04-2022 01:31
1779,STARL Polarized Sunglass for Men,A350,4,77,NULL,NULL,1650605610.jpg,NULL,2,900,1250,NULL,21-04-2022 23:33,21-04-2022 23:33
1780,Dandali Multifunction Tactical Belt for Men,B199,2,84,NULL,NULL,1650779737.jpg,N/A,1,400,600,NULL,23-04-2022 23:55,23-04-2022 23:55
1781,STARL Anti Glare Night Vision Sunglass,A352,4,77,NULL,NULL,1650864829.jpg,NULL,2,800,1150,NULL,24-04-2022 23:33,24-04-2022 23:33
1782,ORAS Genuine Leather Belt for Men,B617,2,61,NULL,1 Year Leather Warranty,1650954421.jpg,1 Year,1,350,850,NULL,26-04-2022 00:27,26-04-2022 00:27
1783,ORAS Genuine Leather Belt for Men,B618,2,61,NULL,1 Year Leather Warranty,1650954728.jpg,1 Year,1,350,850,NULL,26-04-2022 00:32,26-04-2022 00:33
1784,STARL Polarized Sunglass for Men,A351,4,77,NULL,NULL,1650955449.jpg,NULL,2,800,1050,NULL,26-04-2022 00:44,26-04-2022 00:44
1785,ORAS Genuine Leather Belt for Men,B619,2,61,NULL,1 Year Leather Warranty,1651122821.jpg,1 Year,1,300,750,NULL,27-04-2022 23:13,27-04-2022 23:13
1786,ORAS Genuine Leather Belt for Men,B621,2,61,NULL,1 Year Leather Warranty,1651123190.jpg,1 Year,1,300,750,NULL,27-04-2022 23:19,27-04-2022 23:19
1787,Repair Watch,RPW,10,58,NULL,N/A,NULL,N/A,1,0,0,NULL,11-05-2022 23:04,11-05-2022 23:04
1788,OLEVS 5869 Ultra Thin Watch,E14W,10,44,NULL,1 Year International Warranty,1653806921.jpg,NULL,2,1200,1700,Only Machine Warranty,29-05-2022 00:48,25-08-2022 12:31
1789,OLEVS 5869 Ultra Thin Watch,E13E,10,44,NULL,1 Year International Warranty,1653807009.jpg,NULL,2,1200,1700,Only Machine Warranty,29-05-2022 00:50,25-08-2022 12:31
1790,ORAS Genuine Leather Crossbody Side Bag for Women,F126,1,61,NULL,1 Year Leather Warranty,NULL,1 Year,2,1200,1650,NULL,29-05-2022 22:36,29-05-2022 22:36
1791,ORAS Genuine Leather Belt for Men,B622,2,61,NULL,1 Year Leather Warranty,1654155004.jpg,1 Year,1,500,800,NULL,02-06-2022 01:30,02-06-2022 01:30
1792,ORAS Genuine Leather Belt for Men,B623,2,61,NULL,1 Year Leather Warranty,1654155208.jpg,1 Year,1,500,800,NULL,02-06-2022 01:33,02-06-2022 01:33
1793,ORAS Genuine Leather Belt for Men,B624,2,61,NULL,1 Year Leather Warranty,1654155318.jpg,1 Year,1,500,800,NULL,02-06-2022 01:35,02-06-2022 01:35
1794,ORAS Genuine Leather Long Hand Wallet,R1001,6,61,NULL,1 Year Leather Warranty,1655124974.jpg,NULL,2,800,1100,NULL,13-06-2022 06:56,13-06-2022 06:56
1795,WWOOR 8837 Square Fashion Watch for Men,WR18G,10,56,NULL,1 Year Machine Warranty.,1655369846.jpg,1 Year,2,1600,2150,NULL,16-06-2022 02:57,16-06-2022 02:57
1796,WWOOR 8837 Square Fashion Watch for Men,WR18K,10,56,NULL,1 Year Machine Warranty.,1655372715.jpg,1 Year,2,1600,2150,NULL,16-06-2022 03:45,16-06-2022 03:45
1797,WWOOR 8858 Square Fashion Watch for Men,WR19G,6,56,NULL,1 Year Machine Warranty.,1655382096.jpg,1 Year,2,1500,2150,NULL,16-06-2022 06:21,16-06-2022 06:21
1798,WWOOR 8837 Square Fashion Watch for Men,WR21R,10,56,NULL,1 Year Machine Warranty.,1655629888.jpg,1 Year,1,1800,2250,NULL,19-06-2022 03:11,30-06-2022 07:46
1799,WWOOR 8837 Square Fashion Watch for Men,WR21K,10,56,NULL,1 Year Machine Warranty,1655629951.jpg,1 Year,2,1800,2250,NULL,19-06-2022 03:12,19-06-2022 03:12
1800,WWOOR 8854 Square Fashion Watch for Men,WR74,10,56,NULL,1 Year Machine Warranty.,1655631949.jpg,1 Year,2,1800,2250,NULL,19-06-2022 03:45,19-06-2022 03:45
1801,WWOOR 8874 Square Fashion Watch for Women,WR75,10,56,NULL,1 Year Machine Warranty.,1655632026.jpg,NULL,2,1800,2250,NULL,19-06-2022 03:47,30-07-2022 12:38
1802,Brazil Flag Silicone Bracelet,C189,5,58,NULL,NULL,NULL,N/A,1,100,320,NULL,20-06-2022 07:22,20-06-2022 07:22
1803,Bangladesh Flag Silicone Bracelet,C191,5,58,NULL,NULL,NULL,N/A,1,100,320,NULL,20-06-2022 07:23,20-06-2022 07:23
1804,TEVON Fashion Watch for Men,K2004,10,99,NULL,1 Year Machine Warranty,1656241702.jpg,1 Year,2,800,1350,NULL,26-06-2022 05:08,26-06-2022 05:08
1805,TEVON Fashion Watch for Women,K2005,10,99,NULL,1 Year Machine Warranty,1656241748.jpg,1 Year,2,800,1250,NULL,26-06-2022 05:09,26-06-2022 05:09
1806,TEVON Fashion Watch for Men,K2006,10,99,NULL,1 Year Machine Warranty,1656241807.jpg,1 Year,2,900,1450,NULL,26-06-2022 05:10,26-06-2022 05:10
1807,TEVON Fashion Watch for Men,K2007,10,99,NULL,1 Year Machine Warranty,1656241872.jpg,NULL,2,800,1500,NULL,26-06-2022 05:11,25-08-2022 10:08
1808,TEVON Fashion Watch for Men,K2008,10,99,NULL,1 Year Machine Warranty,1656241942.jpg,1 Year,2,1200,1500,NULL,26-06-2022 05:12,26-06-2022 05:12
1809,TEVON Fashion Watch for Men,K2009,10,99,NULL,1 Year Machine Warranty,1656242005.jpg,1 Year,2,1200,1500,NULL,26-06-2022 05:13,26-06-2022 05:13
1810,STARL Anti-UV Sunglass for Men,A353,4,77,NULL,NULL,1656392478.jpg,NULL,2,800,1250,NULL,27-06-2022 23:01,27-06-2022 23:24
1811,STARL Anti-UV Sunglass for Men,A354,4,77,NULL,NULL,1656408723.jpg,NULL,2,800,1250,NULL,28-06-2022 03:32,28-06-2022 03:32
1812,STARL Polarized Sunglass for Men,A355,4,77,NULL,NULL,1656482126.jpg,NULL,2,800,1100,NULL,28-06-2022 23:55,28-06-2022 23:55
1813,STARL Polarized Sunglass for Men,A356,4,77,NULL,NULL,1656496293.jpg,NULL,2,800,1300,NULL,29-06-2022 03:51,29-06-2022 03:51
1814,Jeep field Genuine Leather Belt for Men,B231,2,14,NULL,1 Year Leather Warranty,1656829765.jpg,1 Year,2,600,800,NULL,03-07-2022 00:29,03-07-2022 00:29
1815,Jeep field Genuine Leather Belt for Men,B232,2,14,NULL,1 Year Leather Warranty,1656829843.jpg,1 Year,2,600,800,NULL,03-07-2022 00:30,03-07-2022 00:30
1816,STARL Color Changing Photochromic Polarized Sunglass,A357,4,77,NULL,NULL,1656919653.jpg,NULL,2,600,900,NULL,04-07-2022 01:27,04-07-2022 01:27
1817,STARL Color Changing Night Vision Sunglass,A358,4,77,NULL,NULL,1657003446.jpg,NULL,2,800,1250,NULL,05-07-2022 00:44,05-07-2022 00:44
1818,STARL Anti Glare Night Vision Sunglass,A359,4,77,NULL,NULL,1657016827.jpg,NULL,2,800,1150,NULL,05-07-2022 04:27,05-07-2022 04:27
1819,STARL Color Changing Night Vision Sunglass,A360,4,77,NULL,NULL,1657019009.jpg,NULL,2,800,1250,NULL,05-07-2022 05:03,05-07-2022 05:03
1820,ORAS Genuine Leather Belt for Men,B625,2,61,NULL,1 Year Leather Warranty,1657114798.jpg,1 Year,2,600,950,NULL,06-07-2022 07:39,06-07-2022 07:39
1821,ORAS Genuine Leather Automatic Buckle Belt,B626,2,61,NULL,1 Year Leather Warranty,NULL,1 Year,2,500,900,NULL,07-07-2022 04:02,07-07-2022 04:02
1822,ORAS Genuine Leather Long Wallet for Men,R1002,6,61,NULL,1 Year Leather Warranty,1657190223.jpg,1 Year,2,900,1450,NULL,07-07-2022 04:37,07-07-2022 04:37
1823,TEVON Classic Fashion Watch,K2003,10,99,NULL,1 Year Machine Warranty,NULL,1 Year,2,1500,1950,NULL,07-07-2022 04:55,07-07-2022 04:55
1824,STARL Polarized Sunglass for Men,A361,4,77,NULL,NULL,1657710497.jpg,NULL,2,900,1300,NULL,13-07-2022 05:08,13-07-2022 05:08
1825,STARL Polarized Sunglass for Men,A362,4,77,NULL,NULL,1657712748.jpg,0,2,800,1250,No warranty,13-07-2022 05:45,20-07-2022 07:03
1826,STARL Fashion Polarized Sunglass for Men,A157,4,77,NULL,NULL,62da94f6b22e2.jpg,NULL,1,700,1100,No warranty,22-07-2022 12:15,22-07-2022 12:15
1827,STARL Large Frame Fashion Sunglass for Women,A155,4,77,NULL,NULL,62da9548d15a4.jpg,NULL,1,400,700,No warranty,22-07-2022 12:17,22-07-2022 12:17
1828,STARL TR90 Frame Polarized Sunglass for Men,A159,4,77,NULL,NULL,62da9587c7abd.jpg,NULL,1,700,1000,No warranty,22-07-2022 12:18,22-07-2022 12:18
1829,Night Vision Polarized Glasses UV400 Polarized Sunglass,A158,4,77,NULL,NULL,62da969c77a72.jpg,NULL,1,600,900,No warranty,22-07-2022 12:22,22-07-2022 12:22
1830,Magnifying glass with led light Nail Cutter,EB31,24,58,NULL,NULL,62da974e5ba42.jpg,NULL,1,700,1200,No warranty,22-07-2022 12:25,22-07-2022 12:25
1831,Waterproof Rain Shoe Cover,HS3,30,58,NULL,NULL,62da97e378ff9.jpg,NULL,1,500,750,NO WARRANTY,22-07-2022 12:28,22-07-2022 12:28
1832,Dandali Classic Belt for Men,M101,2,84,NULL,NULL,62da9818b0e5d.jpg,NULL,1,300,500,No warranty,22-07-2022 12:29,22-07-2022 12:29
1833,Dandali Classic Belt for Men,M102,13,84,NULL,NULL,62da98414926a.jpg,NULL,1,300,500,NULL,22-07-2022 12:29,22-07-2022 12:29
1834,STARL Large Frame Fashion Sunglass for Women,A156,4,77,NULL,NULL,62da9ade6a66a.jpg,NULL,1,400,700,No Warranty,22-07-2022 12:41,22-07-2022 12:41
1835,Anti-UV Sunshade Polarized Sunglasses for Men,A153,4,77,NULL,NULL,62da9bd099713.jpg,NULL,1,400,750,No warranty,22-07-2022 12:45,22-07-2022 12:45
1836,Dandali Tactical Belt,B171,2,84,NULL,NULL,62da9cd570989.jpg,NULL,1,300,550,No warranty,22-07-2022 12:49,22-07-2022 12:49
1837,STARL Brand Polarized Sunglass for Men,A181,4,77,NULL,NULL,62da9d1183168.jpg,NULL,1,400,700,No Warranty,22-07-2022 12:50,22-07-2022 12:50
1838,STARL Night Vision Sunglass for Men,SG63Y,4,77,NULL,NULL,62da9d4d573ba.jpg,NULL,1,400,650,No Warranty,22-07-2022 12:51,22-07-2022 12:51
1839,Dandali Tactical Belt,B173,2,84,NULL,NULL,62da9d853fa56.jpg,NULL,1,300,550,No Warranty,22-07-2022 12:52,22-07-2022 12:52
1840,STARL Big Frame Polarized Sunglass for Men,A165,4,77,NULL,NULL,62dadcef4a436.jpg,NULL,1,700,1000,No warranty,22-07-2022 17:22,22-07-2022 17:22
1841,STARL Fashion Sunglass for Women,A166,4,77,NULL,NULL,62dadd30864a0.jpg,NULL,1,500,900,No warranty,22-07-2022 17:24,22-07-2022 17:24
1842,STARL Fashion Sunglass for Women,A167,4,77,NULL,NULL,62dadd7de8fe0.jpg,NULL,1,500,900,No warranty,22-07-2022 17:25,22-07-2022 17:25
1843,STARL Brand Polarized Sunglass for Men,A168,4,77,NULL,NULL,62daddb909966.jpg,NULL,1,600,1000,No warranty,22-07-2022 17:26,22-07-2022 17:26
1844,STARL Brand Polarized Sunglass for Men,A169,4,77,NULL,NULL,62daddf3ec737.jpg,NULL,1,500,850,No warranty,22-07-2022 17:27,22-07-2022 17:27
1845,STARL Brand Polarized Sunglass for Men,A170,4,77,NULL,NULL,62dade203a92b.jpg,NULL,1,700,1050,No warranty,22-07-2022 17:28,22-07-2022 17:28
1846,STARL Brand Polarized Sunglass for Men,A171,4,77,NULL,NULL,62dade568749b.jpg,NULL,1,600,1050,No warranty,22-07-2022 17:28,22-07-2022 17:28
1847,STARL Brand Polarized Sunglass for Men,A173,4,77,NULL,NULL,62dadeedb7587.jpg,NULL,1,600,1050,No warranty,22-07-2022 17:31,22-07-2022 17:31
1848,STARL Brand Polarized Sunglass for Men,A174,4,77,NULL,NULL,62dadf39b421c.jpg,NULL,1,900,1500,No warranty,22-07-2022 17:32,22-07-2022 17:32
1849,STARL Brand Polarized Sunglass for Men,A182,4,77,NULL,NULL,62db7faf16f07.jpg,NULL,1,500,700,No warranty,23-07-2022 04:57,23-07-2022 04:57
1850,STARL Fashion Sunglass for Women,A186,4,77,NULL,NULL,62db87475f234.jpg,NULL,1,700,1200,No warranty,23-07-2022 05:29,23-07-2022 05:29
1851,Dandali Tactical Belt,B172,2,84,NULL,NULL,62db88bee012a.jpg,NULL,1,300,550,No Warranty,23-07-2022 05:35,23-07-2022 05:35
1852,Anti-UV Sunshade Polarized Sunglasses for Men,A163,4,77,NULL,NULL,62db940c4283f.jpg,NULL,1,500,750,No warranty,23-07-2022 06:24,23-07-2022 06:24
1853,STARL Brand Polarized Sunglass for Men,A180,2,77,NULL,NULL,62db946cf244d.jpg,NULL,1,500,1050,No Warranty,23-07-2022 06:25,23-07-2022 06:25
1854,STARL Brand Polarized Sunglass for Men,A179,4,77,NULL,NULL,62db94d7aed6a.jpg,NULL,1,600,1100,No warranty,23-07-2022 06:27,23-07-2022 06:27
1855,STARL Fashion Sunglass for Women,A175,4,77,NULL,NULL,62db95123973a.jpg,NULL,1,700,1200,No warranty,23-07-2022 06:28,23-07-2022 06:28
1856,STARL Brand Polarized Sunglass for Men,A178,4,77,NULL,NULL,62db954fdc063.jpg,NULL,1,700,1100,No warranty,23-07-2022 06:29,23-07-2022 06:29
1857,STARL Fashion Sunglass for Women,A183,4,77,NULL,NULL,62db958b8129d.jpg,NULL,1,700,1200,No warranty,23-07-2022 06:30,23-07-2022 06:30
1858,STARL Fashion Sunglass for Women,A185,4,77,NULL,NULL,62db95bc94a81.jpg,NULL,1,700,1200,No warranty,23-07-2022 06:31,23-07-2022 06:31
1859,Fashion Ani Blue Ray Reading Glass,A162,4,77,NULL,NULL,62db9603bc483.jpg,NULL,1,400,700,No warranty,23-07-2022 06:32,23-07-2022 06:32
1860,Waterproof Rain Shoe Cover,HS2,30,58,NULL,NULL,62db963fcbdeb.jpg,NULL,1,400,600,No warranty,23-07-2022 06:33,23-07-2022 06:33
1861,Dandali Automatic Metal Buckle Canvas Belt,B226,2,84,NULL,NULL,62db9a26b1658.jpg,NULL,1,300,550,No warranty,23-07-2022 06:50,23-07-2022 06:50
1862,Dandali Automatic Metal Buckle Canvas Belt,B215,2,84,NULL,NULL,62dba136a9ae8.jpg,NULL,1,300,580,No warranty,23-07-2022 07:20,23-07-2022 07:20
1863,Dandali Canvas Metal Belt,B202,2,84,NULL,NULL,62dba17919da6.jpg,NULL,1,300,450,No warranty,23-07-2022 07:21,23-07-2022 07:21
1864,Dandali Automatic Metal Buckle Canvas Belt,B222,2,84,NULL,NULL,62dba1bbb5f0d.jpg,NULL,1,300,550,No warranty,23-07-2022 07:22,23-07-2022 07:22
1865,Dandali Automatic Metal Buckle Canvas Belt,B225,2,84,NULL,NULL,62dba1f081ba7.jpg,NULL,1,300,550,No warranty,23-07-2022 07:23,23-07-2022 07:23
1866,Dandali Tactical Belt,B198,2,84,NULL,NULL,62dba23296b59.jpg,NULL,1,300,550,No warranty,23-07-2022 07:24,23-07-2022 07:24
1867,Dandali Automatic Metal Buckle Canvas Belt,B208,2,84,NULL,NULL,62dba26da08f9.jpg,NULL,1,300,550,No warranty,23-07-2022 07:25,23-07-2022 07:25
1868,Dandali Canvas Metal Belt,B201,2,84,NULL,NULL,62dba881069fc.jpg,NULL,1,300,450,No warranty,23-07-2022 07:51,23-07-2022 07:51
1869,Dandali Automatic Metal Buckle Canvas Belt,B218,2,84,NULL,NULL,62dbbbc283873.jpg,NULL,1,400,580,No warranty,23-07-2022 09:13,23-07-2022 09:13
1870,Dandali Automatic Metal Buckle Canvas Belt,B221,2,84,NULL,NULL,62dbbc8982afb.jpg,NULL,1,400,580,No warranty,23-07-2022 09:16,23-07-2022 09:16
1871,Dandali Automatic Metal Buckle Canvas Belt,B224,2,84,NULL,NULL,62dbbe5cf032d.jpg,NULL,1,400,550,No warranty,23-07-2022 09:24,23-07-2022 09:24
1872,Dandali Canvas Metal Belt,B205,2,84,NULL,NULL,62dbbee8b6c1c.jpg,NULL,1,300,450,No warranty,23-07-2022 09:27,23-07-2022 09:27
1873,Dandali Canvas Metal Belt,B203,2,84,NULL,NULL,62dbbf274739e.jpg,NULL,1,300,450,No warranty,23-07-2022 09:28,23-07-2022 09:28
1874,Dandali Automatic Metal Buckle Canvas Belt,B223,2,84,NULL,NULL,62dbbf6a94dc8.jpg,NULL,1,350,550,No warranty,23-07-2022 09:29,23-07-2022 09:29
1875,Dandali Canvas Metal Belt,B206,2,84,NULL,NULL,62dbbff2727a8.jpg,NULL,1,300,450,No warranty,23-07-2022 09:31,23-07-2022 09:31
1876,Dandali Automatic Metal Buckle Canvas Belt,B227,2,84,NULL,NULL,62dbc02d7dbd2.jpg,NULL,1,400,550,No warranty,23-07-2022 09:32,23-07-2022 09:32
1877,Dandali Canvas Metal Belt,B204,2,84,NULL,NULL,62dbc06d9a955.jpg,NULL,1,300,450,No warranty,23-07-2022 09:33,23-07-2022 09:33
1878,Dandali Automatic Metal Buckle Canvas Belt,B211,2,84,NULL,NULL,62dbc0a49aa70.jpg,NULL,1,350,550,No warranty,23-07-2022 09:34,23-07-2022 09:34
1879,Dandali Automatic Metal Buckle Canvas Belt,B213,2,84,NULL,NULL,62dbc0d4452d8.jpg,NULL,1,350,550,No warranty,23-07-2022 09:35,23-07-2022 09:35
1880,Dandali Automatic Metal Buckle Canvas Belt,B228,2,84,NULL,NULL,62dbc150b2dcc.jpg,NULL,1,350,550,No warranty,23-07-2022 09:37,23-07-2022 09:37
1881,Dandali Tactical Belt,B197,2,84,NULL,NULL,62dbc4d83e574.jpg,NULL,1,350,550,No warranty,23-07-2022 09:52,23-07-2022 09:52
1882,Dandali Automatic Metal Buckle Canvas Belt,B216,2,84,NULL,NULL,62dbc54eb61bf.jpg,NULL,1,350,580,No warranty,23-07-2022 09:54,23-07-2022 09:54
1883,Dandali Automatic Metal Buckle Canvas Belt,B219,2,84,NULL,NULL,62dbc59385598.jpg,NULL,1,350,580,No warranty,23-07-2022 09:55,23-07-2022 09:55
1884,STARL Brand Polarized Sunglass for Men,A176,4,77,NULL,NULL,62dbe98f7c36e.jpg,NULL,1,700,1100,No warranty,23-07-2022 12:29,23-07-2022 12:29
1885,Oulm Big Dial Dual Display Watch for Men,UM26E,10,45,NULL,NULL,62ea4d26713f5.jpg,1 Year,1,1500,2400,Only Machine Warranty,03-08-2022 10:25,03-08-2022 10:25
1886,ORAS Genuine Leather Key Holder (2 Pcs),R1003,13,61,NULL,NULL,62f10d374641b.jpg,1 Year,1,150,199,Only Leather Warranty,08-08-2022 13:18,08-08-2022 13:18
1887,SKMEI Ultra-thin Rectangle Dial Watch,SK59K,10,52,NULL,NULL,6309f0b67c4c4.jpg,1 Year,1,900,1650,Only Machine Warranty,27-08-2022 10:23,27-08-2022 10:23
1888,SKMEI Digital Watch,SK61K,10,52,NULL,NULL,6309f1515332c.jpg,1 Year,1,500,1500,Only machine warranty,27-08-2022 10:26,27-08-2022 10:26
1889,Fashion Quartz Watch for Men,K3002,10,58,NULL,NULL,630c617e19a00.jpg,NULL,2,500,750,1 Year Machine Warranty,29-08-2022 06:49,29-08-2022 08:01
1890,6PCS Luxury Rose Gold Watch Set for Women,K3003,10,58,NULL,NULL,630c7326514d0.jpg,1 Year,2,1500,1950,1 Year Watch Movement Warranty,29-08-2022 08:04,29-08-2022 08:04
1891,Digital Waterproof Watch for Men,K3001,10,58,NULL,NULL,6310592083f9a.jpg,1 Year,2,400,600,1 Year Machine Warranty,01-09-2022 07:02,01-09-2022 07:02
1892,ORAS Genuine Leather Wallet for Men,R1004,6,61,NULL,NULL,631740c58d960.jpg,1 year,2,500,800,1 Year Leather Warranty,06-09-2022 12:44,06-09-2022 12:44
1893,ORAS Genuine Leather Wallet for Men,R1005,6,61,NULL,NULL,631747faadbd4.jpg,1 Year,2,400,700,1 Year Leather Warranty,06-09-2022 13:15,06-09-2022 13:15
1894,Breathable Canvas Casula Shoe for Men,M1001,13,58,NULL,NULL,63184dc81ee78.jpg,NULL,2,1500,2200,NULL,07-09-2022 07:52,07-09-2022 07:52
1895,ORAS Genuine Leather laptop Business Bag,F142,1,61,NULL,NULL,6318967e9c362.jpg,1 Year,2,2500,3600,1 Year Leather Warranty,07-09-2022 13:02,07-09-2022 13:02
1896,Baellerry D1868 Wallet for Men,KA66K,6,3,NULL,NULL,631ec61bc8a5f.jpg,NULL,2,400,600,NULL,12-09-2022 05:39,12-09-2022 05:39
1897,ORAS Genuine Leather Wallet for Men,R1006,6,61,NULL,NULL,632c00d8f03e0.jpg,1 Year,2,500,700,1 Year Leather Warranty,22-09-2022 06:29,22-09-2022 06:29
1898,Rhinestone DÃ©cor Round Pointer Watch,K3004,10,58,NULL,NULL,632ebc3124868.jpg,1 Year,1,500,850,1 Year Machine Warranty,24-09-2022 08:13,24-09-2022 08:13
1899,Magnetic 360 Degree Rotation Watch,K3005,10,58,NULL,NULL,632ebcd24e322.jpg,1 Year,1,500,850,1 Year Machine Warranty,24-09-2022 08:16,24-09-2022 08:16
1900,ORAS Genuine Leather Belt for Men,B627,2,61,NULL,NULL,63425fd7a16c2.jpg,1 Year,2,400,750,Only Leather warranty,09-10-2022 05:44,09-10-2022 05:44
1901,ORAS Genuine Leather Shoulder Bag,F143,1,61,NULL,NULL,6342662cdc525.jpg,1 Year,1,1500,2400,1 Year Leather Warranty,09-10-2022 06:11,09-10-2022 06:11
1902,ORAS Genuine Leather Crossbody Shoulder Bag,F144,1,61,NULL,NULL,6343ac4016ae5.jpg,1 Year,1,1500,2500,Only Leather Warranty,10-10-2022 05:23,10-10-2022 05:23
1903,Digital LED Finger Counter,FC11,13,58,NULL,NULL,634e80ab668f5.jpg,NULL,2,70,99,NULL,18-10-2022 10:32,18-10-2022 10:32
1904,SKMEI 1881 Digital Sport Watch,SK62K,10,52,NULL,NULL,6359061d1c2d9.jpg,1 Year,2,1100,1500,Machine Warranty,26-10-2022 10:04,26-10-2022 10:04
1905,SKMEI 1818 Digital Sport Watch,SK63A,10,52,NULL,NULL,6359114b2d864.jpg,1 Year,2,1100,1500,NULL,26-10-2022 10:51,26-10-2022 10:51
1906,SKMEI 1905 Digital Sport Watch,SK64K,10,52,NULL,NULL,635cbd713626a.jpg,1 Year,2,800,1250,Machine Warranty,29-10-2022 05:43,29-10-2022 05:43
1907,SKMEI 1905 Digital Sport Watch,SK64Y,10,52,NULL,NULL,635cbef44bc49.jpg,1 Year,2,800,1250,Machine Warranty,29-10-2022 05:49,29-10-2022 05:49
